Target,Clone,VLS,VLH
"Cavbeta4 Ca2+ channel","N10/7","AGAAATCCGAAGACACAGAACTCCACTCACTTTGTCGGTTACCGTTGGACAACCAGCCTCCATCTCTTGCAAGTCAAGTCAGAGCCTTTTACATAGGGATGGAAAGACATTTTTGAATTGGTTCTTACAGAGGCCAGGCCAGTCTCCAAAGCGCCTAATCTATCTGGTGTCTAGACTGGACTCTGGAGTCCCTGACAGGTTCACTGGCAGGGGATCAGGGACAGATTTCACACTGAAAATCAGCAGAGGGGAGACTGAGGATTTGGGAATTTTTTATTGCTGGCAAGGTACACATTTTCCTCTCACGTTCGGCTCGGGGACAAAGTTGGAAATAAAGC","GCAGCATCAATCTGAAGTTGAGAAGGTTAAGGCTTCAGTTTCAGTGTACCTGTCCTGCTATGGCTTCGCCTTCACCATCAGCAGTATAAATTTGAGTTGGCTAAAGCCTAAGCATAGTCATAATTTTGAGTCAATTGCATGGATTTAAACTGGAGGTGGTAGTTATAAATATAATCTCACATTCACAGGCCAGGTCCCTGTAGCCGCATCCTCCACCTCCAGCTCCACGCACATCCACATCCTCACCCTTGCAGATTAGGCCTTTTCCTTTTGTTATCGCTGTCACTGTGACTGGGACGGGGTTTACTTTTGGGGCCGGGGCCCCGGCCCCACTGTCTCAGTGGCCCGGCCATGGCTATACATAACCACAGCGGCCACCCATATCCATCAGTCACCGTCTCCTC"
"SNAT1","N104/32","AGAATTGTGATGACCCAAACTCCAGTCTCCCTGCCTGTCAGTCTTGGAAATCAAGCCTCCATCTCTTGCAGATCTAGTCAGAACATTGTACATAGTAATGGAAACACCTATTTAGAATGGTACCTGCAGAAACCAGGCCAGTCTCCAAAGCTCCTGATCTACAAAGTTTCCAACCGATTTTCTGGGGTCCCAGACAGGTTCAGTGGCAGTGGATCAGGGACAGATTTCACACTCAAGATCAGCAGAGTGGAGGCTGAGGATCTGGGAGTTTATTACTGCTTTCAGGGTTCACATGTTCCGCTCACGTTCGGTGCTGGGACCAAGCTGGAGCTGAAAC","GCCTCAAGCAGTGAGGTGCAGCTGCAGCAGTCTGGACCTGAGGTGAAGAAGCCTGGAGAGACAGTCAAGATCTCCTGCAAGGCTTCTGGGTATACCTTCACAAAATATGCAATGAACTGGGTGAAGCAGGCTCCAGGAAAGGGTTTAAAGTGGATGGGCTGGATAAACACCTACACTGGAAAGCCAACGTATGCTGATGACTTCAAGGGACGGTTTGCCTTCTCTTTGGAAACCTCTGCCAGCACTGCCTACTTGCAGATCAACAACCTCAAAAATGAGGACACGGCTACATATTTCTGTGCAAGCTATGGTAATTTGGACTACTGGGGTCAAGGAACCTCAGTCACCGTCTCCTC"
"Ankyrin-G (blotting)","N106/20","AGAAATCCGAAGACACAGAACTCCTGCTTCCTTAGCTGTATCTCTGGGGCAGAGGGCCACCATCTCATGCAGGGCCAGCCAAAGTGTCAGTACATCAAGCTATAGTTATATGCACTGGTACCAACAGAAACCAGGACAGCCACCCAAACTCCTCATCAAGTATGCATCCAACCTAAAATCTGGGGTCCCTGCCAGGTTCAGGGGCAGGGGGTCTGGGACAGACTTCACCCTCAACATCCATCCTGGGGAGGAGGAGGACACTGCAACATATTACTGTCAGCACAGTTGGGAGATTCCGGGGACGTTCGGGGGAGGCACCAAGCTGGAAATCAAACG","GCCTCAAGCAGTGAGGTGCAGCTTCAGGAGTCAGGACCTGGCCTGGTGGCGCCCTCACAGAGCCTGTCCATCACATGCACCGTCTCAGGGTTCTCATTAACCGGCTATGGTGTAAACTGGGTTCGCCAGCCTCCAGGAAAGGGTCTGGAGTGGCTGGGAATGATATGGGGTGATGGAAGCACAGACTTTAATTCAGCTCTCAAATCCAGACTGAGCATCAACAAGGACAACTCCAAGAGCCAAGTTTTCTTAAAAATGAACAGTCTGCAAAGTGATGACACAGCCAGGTATTACTGTGCCCGAGGGACTGTTATGGACTACTGGGGTCAAGGAACCTCAGTCACCGTCTCCTC"
"Neuroligin-3","N110/29","AGAATCCAGTGACACAGACTCCACTCACTTTGTCGCTTACCCTTGGACAACCAGCCTCCATCTCTTGCAAGTCAAGTCAGAGCCTCTTAGATAGTAATGGAAAGACATATTTGAATTGGTTGTTACAGAGGCCAGGCCAGTCTCCAAAGCGCCTAATCTATCTGGTGTCTAAACTGGACTCTGGAGTCCCTGACAGGTTCACTGGCAGTGGATCAGGGACAGATTTCACACTGAAAATCAGCAGAGTGGAGGCTGAGGATTTGGGACTTTATTATTGCTGGCAAGGTACACATTTTCCTCAGACGTTCGGTGGAGGTACCCAGCTGGAAATCAAAC","GCCTCAAGCAGTGAGGTGCAGCTGGTAGAGACCGGGGGAGGCTTGGTGAGGCCTGGAAATTCTCTGAAACTCTCCTGTGTTACCTCGGGATTCACTTTCAGTAACTACCGGATGCACTGGCTTCGCCAGCCTCCAGGGAAGAGGCTGGAGTGGATTGCTGTAATTACAGTCAAATCTGCTAATTATGGAACAAATTATGCAGAGTCTGTGAAAGGCAGATTCACTATTTCAAGAGATGATTCAAAAAGCAGTGTCTACCTGCAGATGAACAGATTAAGAGAGGAAGACACTGCCACTTATTATTGTAGCCGGAGTAGCCTCTTTGACTACTGGGGCCAAGGCACCACTCTCACAGTCTCCTC"
"Mitofusin-1","N111/24","AAAATGCTAATGATTCTAGTCTCAAGCAATATGGTTTGCTTTTCCAGGGGAAAAAGGTAACAATACCCGGCAGGGCCAGTTAAGGGGAAAGTTTAATGTCCGGGTTCCAGAAAAACCAAGCCCTTTTTCCAAAATTTGGGTTTAATAGACCATCCAACCGGCTTTTGGGGGCCCTGGTTCGTTTAAGGGGCGGGGGTTCGGGAACCTTTAATTTTTTAACAATAAGCCAAAGGGGGGTTGAAAAGGCTGCCATTAATTACGGCCAGAAAGGGAATAGTTCCCATTTCCCGTTGGGTTGGGGGCCAAAGTGGAAAGAAAAA","GCCTCAAGCAGTGAAGTGAAACTTGAGGAGTCTGGAGGAGGCTTGGTGCAACCTGGAAGATCCATGAAACTCTCTTGTGCTGCCTCTGGATTCAGTTTTAGTGACGCCTGGATGGACTGGGTCCGCCAGTCTCCAGAGAAGGGGCTTGAGTGGGTTGCTGAAATTAGAAGCAAAGCTAATAATCATGCAACATACTATGCTGAGTCTGTGAAAGGGAGGTTCACCATCTCAAGAGATGATTCCAAAAGTAGTGTCTACCTGCAAATGAACAGCTTAAGAGCTGAAGACACTGGCATTTATTACTGTACGGTAGTAGCCGGGAACTACTGGGGCCAGGGCACCACTCTCACAGTCTCCTC"
"Kir2.1 K+ channel","N112B/14","AGATATCCGAAGAACACAGAACTCCTGCTTCCTTAGCTGTATCTCTGGGGCAGAGGGCCACCATCTCATGCAGGGCCAGCCAAAGTGTCAGTACATCAAGCTATAGTTATATGCACTGGTACCAACAGAAACCAGGACAGCCACCCAAACTCCTCATCAAGTATGCATCCAACCTAAAATCTGGGGTCCCTGCCAGGTTCAGGGGCAGGGGGTCTGGGACAGACTTCACCCTCAACATCCATCCTGGGGAGGAGGAGGACACTGCAACATATTACTGTCAGCACAGTTGGGAGATTCCGGGGACGTTCGGGGGAGGCACCAAGCTGGAAATCAAAC","GCCTCAAGCAGTGAGGTGAAGCTGATGGAATCGGGACCTGGCCTGGTGAAACCTTCTCAGTCTCTGTCCCTCACCTGCACTGTCACTGGCTACTCACTCACCAGTGATTATGCCTGGAACTGGATCCGGCAGTTTCCAGGAAACAAACTGGAGTGGCTGGGCTACATAACCTACAGTGGTTTCACTGGCTACAACCCATCTCTCAACAGTCGAATCTCTATCACTCGAGACACATCCAAGAACCAGTTCTTCCTGCAGTTGAATTCTGTGACTACTGAGGACACAGCCACATATTTCTGTGCAAGAGGAGGAACCCTTGTTTCCTGGGGCCAAGGGACTCTGGTCACTGTCTTTGC"
"HCN4","N114/10","AGAATCGTAATGACCCAGACTCCACTCACTTTGTCGGTTACCATTGGACAACCAGCCTCCATCTCTTGCAAGTCAGGTCAGAGCCTCTTACATAGTGATGGAAAGACATATTTGAATTGGTTGTTACAGGGGCCAGGCCAGTCTCCAAAGCGCCTAATCTATCTGGTGTCTAAACTGGACTCTGGAGTCCCTGACAGGTTCACTGGCAGTGGATCAGGGACAGATTTCACACTGAAAATCAGCAGAGTGGAGGCTGAGGATTTGGGAGTTTATTATTGCTGGCAAGGTACACATTATCCTCTCACGTTCGGTGCTGGGACCAAGCTGGAGCTGAAAC","GCCTCAAGCAGTCAGGTGCAGCTGAAGGAGTCAGGACCTGGCCTGGTGGCGCCCTCACAGAGCCTGTCCATCACATGCACCGTCTCAGGGTTCTCATTAACCGACTATGGTGTAAACTGGGTTCGCCAGCCTCCAGGAAAGGGTCTGGAGTGGCTGGGAATGATATGGGGTGATGGAACCACAGACTATAATTCAGTTCTCAAATCCAGACTGAGCATCAGCAAGGACAACTCCAAGAGCCAAGTTTTCTTAAAGATGAACAGTCTGCAAACTGCTGACACAGCCAGGTACTACTGTGCCAGAGAAGAGGGAGCTTACTGGGGCCAAGGGACCACGGTCACCGTCTCCTC"
"DNMT3L","N117/9","GAATCCAGATGACACAGACTCCACTCACTTTGTCGGTTACCATTGGACAACCAGCCTCCATCTCTTGCAAGTCAAGTCAGAGCCTCTTAGATGGTTATGGAATGGCGTATTTGAATTGGTTATTACAGAGGCCAGGCCAGTCTCCAAAGCGCCTAATCTATCAGATGTCTAAACTGGACTCTGGAGTCCCTGACAGGTTCACTGGCAGTGGATCAGGGACAGATTTCACACTGAACATCAGCAGAGTGGAGGCTGAGGATTTGGGAGTTTATTATTGCTGGCAAGGTACACATTTCCCGCTCACGTTCGGTGCTGGGACCAAGCTGGAGCTGAAAC","GCCTCAAGCAGTGAGGTGCAGCTGCAGCAGCCTGGGGCTGAGCTGGCAAGACCTGGGACTTCAGTGAGATTGTCCTGCAAGGCTTCTGGCTACATCTTTACTACCTATTGGGTGCAGTGGATAAAACAGAGGCCTGGACAGGGTCTGGAATGGATTGGGGCTATTTATCCTGGAGATGGTGATACTATCTACACTCAGAAGTTCAAGGGCAAGGCCACGTTGACTGCAGATAAATCCTCCAGCACAGCCTACATGGAAATCACCAGCTTGGCATCTGAGGACTCTGCGGTCTATTACTGTGCAGTAGATGAATACTGGGGCCAAGGCACCACTCTCACAGTCTCCTC"
"Neuregulin-HBD (Heparin binding domain, Type I/II)","N120A/9","AAAATTGGATAACCCAGTCTCCTCTTCCTGTATGCATCTCTAGGAGAGAGAGTCACTATCACTTGCAAGGCGAGTCAGGACATTAATAGCTATTTAAGCTGGTTCCAGCAGAAACCAGGGAAATCTCCTAAGACCCTGATCTATCGGGCAAACAGATTGGTAGATGGGGCCCCATCAAGGTTCAGGGGCAGGGGATCTGGGCAAGATTATTCTCTCACCATCAGCAGCCTGGAGTATGAAGATATGGGAATTTATTATTGTCTACAGTATGATGAGTTTCCGCTCACGTTCGGGGCTGGGACCAAGCTGGAGCTGAAAC","GCCTCAAGCAGTCAGATCCAGTTCGTGCAGTCTGGACCTGAGCTGAAGAAGCCTGGAGAGACAGTCAAGATCTCCTGCAAGGCCTCTGGTTATACCTTCACAGACTATTCAATGAACTGGGTGAAGCAGGCTCCAGGAAAGGGTTTAAAGTGGATGGGCTGGATAAACACTGAGACTGGTGAGCCAACATATGCAGATGACTTCAAGGGACGGTTTGCCTTCTCTTTGGAAACCTCTGCCAGCACTGCCTATTTGCAGATCAACAACCTCAAAAATGAGGACCCGGCTACATATTTCTGTTCTAGAGACCCCTTTGACTACTGGGGCCAAGGCACCACTCTCACAGTCTCCTC"
"Pannexin-2","N121A/31","GTAACAACTGTGACCCAATCTCCAGCTTCTTTGGATGTATCTCTAGGGCAGAGGGCCACCATATCCTGCAGAGCCAGTGAAAGTGTTGATAGTTATGGCAATACTTTTATGCACTGGTACCAGCAGAAACCGGGACAGCCACCCAAACTCCTCATCTATCTTGCATCCAACCTAGAATCTGGGGTCCCTGCCAGGTTCAGTGGCAGTGGGTCTAGGACAGATTTCACCCTCACCATTGATCCTGTGGAGGCTGATGATGCTGCAACCTATTATTGTCAGCAAAATAATGAGGATCCTTGGACGTTCGGTGGAGGCACCAAGCTGGAAATCAAAC","GCCTCAAGCAGTCAGGTCCAACTGCAGCAGCCTGGGGCTGAACTGGTGAAGCCTGGGGCTTCAGTGAACCTGTCCTGCAAGGCTTCTGGCTACACCTTCACCAGCTACTGGATACACTGGGTGAAACAGAGGCCTGGGCAAGGCCTTGAGTGGATTGGAGAGATTAATCCTAGCAACGGTCGTTCTAATTACAATGAGGAGTTCAAGACCAAGGCCACTCTGACTGTAGACAAATCGTCCAACACAGCCTACATGCAACTCAGCAGTCTGACATCTGAGGACTCTGCGGTCCATTACTGTACAAGAGGCCGGACAACTCGGGCTACCCCGTTTGTTTACTGGGGCCAAGGGACTCTGGTCACTGTCTCTGC"
"Kir2.2 K+ channel","N124B/38","GAAATTGTGATAACCCAAACTCCACTCTCCCTGCCTGTCAGTCTTGGAAATCAAGCCTCCATCTCTTGCAGATCTAGTCAGAGCCTTGTACACAGTAATGGAAACACCTATTTACATTGGTACCTGCAGAAGCCAGGCCAGTCTCCAAAGCTCCTGATCTACAAAGTTTCCAACCGTTTTTCTGGGGTCCCAGACAGGTTCAGTGGCAGTGGATCAGGGACAGATTTCACACTCAAGATCAATAGAGGGGAGGCTGAGGATCTGGGAGTTTATTTCTGCTCTCAAAGTACACATGTTCCGTACACGTTCAGAGGGGGGACCAAGCTGGAAATAAAAC","GCCTCAAGCAGTGAGGTGCAGCTGGTACAGTCTGGACCTGAGCTGAAGAAGCCTGGAGAGACAGTCAAGATCTCCTGTAAGGCTTCTGGTTATACCTTCACAGACTCTTCAATGCACTGGGTGAAGCAGACTCCAGGAAAGGGTTTGAAGTGGATGGGCTGGATAAACACTGAGACTGGTGAGCCAACATGTGCAGATGACTTCAAGGGACGCTTTGCCTTCTCTTTGGAGACCTCTGCCAGCACTGCCTATTTACAGATCAACAACCTCAAAACTGAGGACACGGCCACATATTTCTGTGCTAGAGGTGGGGCGGCTTACTGGGGCCAAGGGACTCTGGTCACTGTCTTTGC"
"Pan-SAPAP","N127/31","AGCAACAACTGTGACCCAGTCTCAAAAATTCATGTCCACATCAGTAGGAGACAGGGTCAGCGTCACCTGCAAGGCCAGTCAGAATGTGGGTACTTATGTAGCCTGGTATCAACAGAAACCAGGGCAATCTCCTAAAGCACTGATTTACTCGGCATCCTACCGATACAGTGGAGTCCCTGATCGCTTCACAGGCAGTGGATCTGGGACAGATTTCACTCTCACCTTCAGCAATGTGCAGTCTGAAGACTTGGCAGAGTATTTCTGTCAGCAATATAACAACTATCCTCTGACGTTCGGTGGAGGCACCAAGCTGGAAATCAAAC","GCCTCAAGCAGTCAGGTGCAGCTGAAGGAGTCTGGAGGAGGCTTGGTGCAACCTGGAGGATCCATGAAACTCTCCTGTGTAGCCTCTGGATTTTCTTTCAGTAGCTACTGGATGTCTTGGGTCCGCCAGTCTCCAGAGAAGGGGCTTGAGTGGGTTGCTGAAATTAGATTGAAATCTGATAATTATGCAACACATTATGCGGAGTCTGTGAAAGGGAAGTTCACCATCTCAAGAGATGATTCCAAAAGTCGTCTCTACCTGCAAATGAACAGCTTACTAGCTGAAGACACTGGAATTTATTACTGTACCGCCGGGGGACCCTGGTTTGGTTACTGGGGCCAAGGGACCACGGTCACCGTCTCCTC"
"RGS14","N133/21","AGAATCAAGATGACCCAGTCTCACAAATTCATGTCCACATCAGTAGGAGACAGGGTCACCATCACCTGCAAGGCCAGTCAGGATGTGGGTACTGCTGTAGGCTGGTTTCAGCAGAAGCCAGGGCAATCTCCTAAACTACTCATTTACTGGGCATCCACCCGGCACACTGGAGTCCCTGATCGCTTCACAGGCAGTGGATCTGGGACAGATTTCACTCTCACCATTAGGAATGTGCAGTCTGATGACTTGGCAGATTATTTCTGTCAGCAATATAGCAGCTATCCTCTCACGTTCGGCTCGGGGACAAAGTTGGAAATAAAAC","GCCTCAAGCAGTCAGGTGCAGCTGAAGCAGTCTGGACCTGAGCTGGTGAAGCCTGGGGCTTCAGTGAAGATACCCTGCAAGGCTTCTGGATACACATTCACTGACGACAACATGGACTGGGTGAAGCAGAGCCATGGAAAGAGCCTTGAGTGGATTGGAGATATTAATCCTAACAATGGTGGTACTATCTACAACCAGAAATTCAAGGGCAAGGCCACATTGACTGTAGACAAGTCCTCCAGTACAGCCTACATGGAGCTCCGCAGCCTGACATCTGAGGACACTGCAGTCTATTACTGTGCAAGAGGGAAACTCCCGTTTGCTTACTGGGGCCAAGGGACTCTGGTCACTGTCTCTGC"
"JIP-2/IB-2","N135/37","AGACATCCTGATGACCCAGTCTCCAGCAATCATGTCTGCATCTCCAGGGGAGAAGGTCACCATATCCTGCAGTGCCAACTCAAGTGTGAGTTACATGTACTGGTTCCAGCAGAAGCCAGGATCCTCCCCCAAACCCTGGATTTATCGCACATCCAACCTGGCTTCTGGAGTCCCTGTTCGTTTCAGTGGCAGTGGGTCTGGGACCTCTTACTCTCTCACAATCAGCAGCATGGAGGCTGAAGATGCTGCCACTTATTACTGCCAGCAGTATCGTAGTTACCCGCTCACGTTCGGTGCTGGGACCAAGTTGGAGCTGAGAC","GCCTCAGCAGTGAGGTGAAGCTTCTCGAGTCCGGTGGAGGATTGGTGCAGCCTAAAGGGTCATTGAAACTCTCATGTGCAGCCTCTGGATTTACCTTCAATACCAATGCCTTGAACTGGGTCCGCCAGGCTCCAGGAAGGGGTTTGGAATGGGTTGCTCGTATGAGAAGTAAAAGTAATAATTATGCAACATTTTATGCCGATTCAGTGAAAGACAGGTTCACCATCTCCAGAGATGATTCTCAAAGCATTCTCTATCTGCAAATGAACAACTTGAAAACTGAGGACTCAGCCATGTATTACTGTGTGAGAGAGTCGGGCTATGATTACTCCGCCTGGTTTGCTTACTGGGGCCAAGGGACTCTGGTCACTGTCTCTGC"
"LRRK2/Dardarin, N-terminus","N138/6","AAAAAATGTGACCCATTCTCCTGCCTCCCAGTCTGCATCTCTGGGAAAAAGGGTCACCATCACATGCCTGGCAAGTCAAACCTTTGGTACATGGTTAGCATGGTATCAGCAGAAACCAGGGAAATCTCCTCAGCTCCTGATTTATGCTGCAACCAGCTTGGCAGAGGGGGTCCCATCAAGGTTCAGGGGTAGGGGATCCGGCACAAAATTTTTTTTCAAGATCAGCAGCCTACAGGCTGAAAATTTTGTAAGTTATTACTGTCAACAACTTTACAGTGCTCCGTTCACGTTCGGAGGGGGGACCAAGCTGGAAATAAAAC","GCCTCAAGCAGTCAGGTCAAGCTGCAGCAGTCTGGACCTGAGTTGGTGAAGCCTGGGGCTTCAGTGAGGACATCCTGCAAGGCTTCTGGCTACACCTTCACAACCTACTATATACACTGGGTGAAGCAGAGGCCTGGACAGGGACTTGAGTGGATTGGATGGATTTCGCCTGGAAATATTAATACTAAGTACAATGAGAAGTTCAAGGGCAAGGCCACACTGACTGCAGACAAATCCTCCAACACAGTCTACATGCAACTCAGCAATCTGACCTCTGAGGACTCTGCGGTCTATTTCTGTGCACGAAAGGATGGTTATGGGGAAACTTTCTCGTTTGCTTATTGGGGCCAAGGGACTCTGGTCACTGTTTTTGC"
"Gamma-protocadherin-A3","N144/17","AAATTTGTGCTAATTAAGTCTCCGCCCCCTGTCTGTGACTCCAGGAAAATAGCGTCAGTCTTTCCTGCAGGGCCAGCCAAAATATTAACAACAACCTACACTGGTATCAACAAAAATCACATGAGTCTCCAAGGCTTCTCATCAAGTATGCTTCCCAGTCCATCTCTGGGATCCCCTCCAGGTTCAGGGGCAGGGGATCAGGGACAGATTTCACTCTCAGTATCAACAGGGTGGAAACTGAAAATTTTGGAATGTATTTCTGTCAACAGAGTAACATCTGGCCGTACATGTACACGTTCGGAGGGGGGACCAAGCTGGAAATAAAAC","GCCTCAAGCAGTGAGGTGCAGCTGGTGGAATCTGGGGGAGACTTAGTGAAGCCTGGAGGGTCCCTGAAACTTTCCTGTGCAGCCTCTGGATTCACTTTCAGTACCTATGGCATGTCTTGGGTTCGCCAGACTCCAGACAAGAGGCTGGAGTGGGTCGCAGCCATTAGTAGTGGTGGTTATTACACCTACTATCCAGACAGTGTGAAGGGGCGATTCACCATTTCCAGAGACGATGCCAAGAACACCCTGTACCTGCAAATGAGCAGTCTGAAGTCTGAGGACACAGCCATGTATTACTGTGCAAGAAGGGATTACGACGACGGTTATACTATGGATTACTGGGGTCAAGGAACCTCAGTCACCGTCTCCTC"
"Pan-GRK","N145/20","ATAATTGTGCTAACTTAGTCTCCAGCCCCCTGTCTGTGACTCCAGGAAAATAGCGTCAGTCTTTCCTGCAGGGCCAGCCAAAATATTAACAACAACCTACACTGGTATCAACAAAAATCACATGAGTCTCCAAGGCTTCTCATCAAGTATGCTTCCCAGTCCATCTCTGGGATCCCCTCCAGGTTCAGGGGCAGGGGATCAGGGACAGATTTCACTCTCAGTATCAACAGTGTGGAAACTGAAAATTTTGGAATGTTTTTCTGTCAACAGAGTAACATCTGGCCGTACATGTACACGTTCGGAGGGGGGACCAAGCTGGAAATAAAAC","GCCTCAAGCAGTGAGGTGCAGCTGGTGGAATTTGGGGGAGACTTAGTGAAGCCTGGAGGGTCCCTGAAACTTTCCTGTGCAGCCTCTGGATTCACTTTCAGTACCTATGGCATGTTTTGGGTTCGCCAGACTCCAGACAAGAGGCTGGAGTGGGTCGCAGCCATTAGTAGTGGTGGTTATTACACCTACTATCCAGACAGTGTGAAGGGGCGATTCACCATTTCCAGAGACGATGCCAAGAACACCCTGTACCTGCAAATGAGCAGTTTGAAGTTTGAGGACACAGCCATGTATTACTGTGCAAGAAGGGATTACGACGACGGTTATACTATGGATTACTGGGGTCAAGGAACCTCAGTCACCGTCTCCTC"
"Pan-QKI","N147/6","GAATTGTGATAACCCAGTCTCCAGCAATCATGTCTGCATCTCTAGGGGAACGGGTCACCATGACCTGCACTGCCAGTTCAAGTGTAAGTTCCACTTATTTGCACTGGTACCAGCAGAAGCCAGGATCCTCCCCCAAACTCTGGATTTACAGCACATCCAACCTGGCTTCTGGAGTCCCAGTTCGCTTCAGTGGCAGTGGGTCTGGGACCTCTTTCTCTCTCACAATCAGCAGCATGGAGGCTGAAGATGCTGCCACTTATTACTGCCACCAGTATCATCGTTCCCCACCCACGTTCGGTGGAGGCACCAAGCTGGAAATCAAAC","GCCTCAAGCAGTCAGGTGCAGCTGAAGCAGTCGGGGCCTGGCCTGGTGAGACCTTCTCAGTCTCTGTCCCTCACCTGCACTGTCACTGGCTACTCAATCACCAGTGATTATGCCTGGTACTGGATCCGGCAGTTTCCTGGAAACAAACTGGAGTGGATGGGCTACATAAGCTTCAGTGATAGCACTAGCTGCAACCCATCTCTCAAAAGTCGAGTCTCTATCACTCGAGACACATCCAAGAACCAGTTCTTCCTGCAGTTGAATTCTGTGACTACTGAGGACACAGCCACATATTACTGTTCAAGAAGGCGATACTACGGTAGTAGCTCGGGGTACTTCGATGTCTGGGGCGCAGGGACCACGGTCACCGTCTCCTC"
"Olig1","N149/25","AGAATCCAGAGACTCAGTCTCCATCCTCCCTGAGTGTGTCAGCAGGAGAGAAGGTCACTATGAGTTGCAAGTCCAGTCAGAGTCTGTTAAGCAGTGGAAATCAAAAGAACTACTTGGCCTGGTACCAGCAGAAACCAGGGCAGCCTCCTAAAGTGTTGATCTACGGGGCATCCAGTAGGGGATCTGGGGTCCCTGATCGCTTCACAGGCAGTGGATCTGGAACCGATTTCACTCTTACCATCAGCAGTGTGCAGGCTGAAGACCTGGCAGTTTATTACTGTCAGAATGATCATAGTTATCCGCTCACGTTCGGTGCTGGGACCAAGCTGGAGCTGAAAC","GCCTCAAGCAGTGAGGTCCAGCTCCAGCAGTCTGGACCTGAGCTGGTGAAGCCTGGGGCTTCAGTGAAGATATCCTGCAAGGCTTCTGGCTACACTTTCATAGACTACTATATAAACTGGGTGAAACAGAAGCCTGGGCAGGGACTTGAGTGGATTGGATGGATTTATCGTGGAAGCGGTTATATTAACTACAATGATAAATTCAAGGGCAAGGCCACATTGACTGTGGACACATCCTCCAGCACAGCCCACATGCAGCTCAGTAGCCTGACATCTGAAGACACTGCTGTCTATTTCTGTGCAAGTGGGAACTATGATTACGACTTTGCTTACTGGGGCCAAGGGACTCTGGTCACTGTCTCTGC"
"Doc2b","N150/21","AGAATTGCTGAGACCCAAACTCCACTCTCCCTGCCTGTCAGTCTTGGAGATCAAGCCTCCATCTCTTGCAGATCTAGTCAGAGTATTGTACATAGTAATGGAAACACCTATTTAGAATGGTACCTGCAGAAACCAGGCCAGTCTCCAAAGCTCCTGATCTACAAAGTTTCCAATCGATTTTCTGGGGTCCCAGACAGGTTCAGTGGCAGTGGATCAGGGACAGATTTCACACTCAAGATCAGCAGAGTGGAGGCTGAGGATCTGGGAGTTTATTACTGCTTTCAAGGTTCACATGTTCCGTACACGTTCGGTGGGGGGACCAAGCTGGAAGTAAAAC","GCCTCAAGCAGTCAGGTGCAGCTGAAGGAGTCTGGGGCTGAACTGGTGAGGCCTGGGGCTTCAGTGACGCTGTCCTGCAAGGCTTCGGGCTACACATTTACTGACTATGAAATGCACTGGGTGAAGCAGACACCTGTGCATGGCCTGGAATGGATTGGAGCTTTTGATCCTGAAACTGGTAATACTGCCTACAATCAGAAATTCAAGGACAAGGCCACACTGACTACAGACAAATCCTCCAGCACAACCTACATGGAGCTCCGCAGCCTGACATCTGAGGACTCTGCCGTCTATTCCTGTACAAGACATGTACGAGACTACTGGGGCCAAGGCACCACTCTCACAGTCTCCTC"
"GABA(A)R, Delta","N151/3","AGTAACAACTGTGACCCAGTCTCCATCTTCCATGTATGCATCTCTAGGAGAGAGAGTCACTATCACTTGCAAGGCGAATCAGGACATTAATCGCTATTTAAGCTGGTTCCAGCAGAAACCAGGGAAATCTCCTAAGACCCTGATCTTTCGTGCAAACAGATTGGTAGATGGGGTCCCATCAAGGTTCAGTGGCAGTGGATCTGGGCAAGATTATTCTCTCACCATCAGCAGCCTGGAGTATGAAGATATGGGAATTTATTATTGTCTACAGTATGATGAGTTTCCGTACACGTTCGGAGGGGGGACCAGGCTGGAAATAAAAC","GCCTCAAGCAGTGAGGTGCAGCTGCAGCAGTCCGGACCTGAACTGGTGAAGCCTGGGGCTTCAGTGAGGATGTCCTGCAAGGCTTCTGGATACACATTCAGTGACTACTACATGAATTGGGTGAAGGAGAGCCATGGAAAGAGCCTTGAGTGGATTGGATGTTTTAATCCTAGCAATGGTGGTACTGCCTACAACCAAAAATTCAAGGGCAAGGCCACATTGACTGTAGACAAGTCCTCCACCACAGCCTACATGGAACTCCGCAGCCTGACATCTGAGGATTCTGCAGTCTATTACTGTGCCCCCTCCTTTGCTTATTGGGGCCAAGGGACTCTGGTCACTGTCTCTGC"
"Mitofusin-2","N153/5","AGAATTGTGATGACCCAGTCTCCTGCTTCCTTAGCTGTATCTCTGGGGCAGAGGGCCACCATCTCATGCAGGGCCAGCAAAAGTGTCAGTACATCTGGCTATAATTATATGCACTGGTACCAACAGAAACCAGGACAGCCACCCAAACTCCTCATCTATCTTGCATCCAACCTAGAGTCTGGGGTCCCTGCCAGGTTCAGTGGCAGTGGGTCTGGGACAGACTTCACCCTCAACATCCATCCTGTGGAGGAGGAGGATGTTGTAACCTATTACTGTCAGCACAGTAGGGAGTTTCCGCTCACGTTCGGTGCTGGGACCAGGCTGGAGCTGAAAC","GCCTCAAGCAGTCAGGTTCAGCTGCAGCAGTCTGGGACTGTGCTGGCAAGGCCTGGGGCTTCCGTGAAGATGTCCTGCAAGGCTTCTGGCTACAGCTTTACCAGCTACTGGATGCACTGGGTAAAACAGAGGCCTGGACAGGGTCTAGAGTGGATTGGTGCTATTTATCCTGGAAATAGTGATACTAGGAACAACCAGAAGTTCAAGGGCAAGGCCAAACTGACTACAGTCACATCCGCCAGCACTGCCTACATGGAGCTCAGCAGCCTGACAAATGAGGACTCTGCGGTCTATTACTGTACAAGAGAGGTACGACGTGGCTTTGACTACTGGGGCCAAGGCACCACTCTCACAGTCTCCTC"
"Uncx","N155/9","AGTAACAACTGTGACCCAATCTCCAGCTTCTTTGGCTGTGTCTCTAGGGCAGAGGGCCACCATATCCTGCAGAGCCAGTGAAAGTGTTGATACTTATGGCAATCGTTTTATGCACTGGTACCAGCAGAAACCAGGACAGTCACCCAAACTCCTCATCTATCTTGCATCCAACCTAGAATCTGGGGTCCCTGCCAGGTTCAGTGGCAGTGGGTCTAGGACAGACTTCACCCTCACCATTGATCCTGTGGAGGCTGATGATGCTGCAACCTATTACTGTCAGCAAAATAATGAGGATCCTCCGACGTTCGGTGGAGGCACCAAGCTGGAAATCAAAC","GCCTCAAGCAGTGAGGTGAAGCTGAAGCAGTCTGCGGCTGAGATGGTGAAGCCTGGGGCCTCAGTGAAGATGTCCTGCAAGGCTTCTGGCTACACATTTACCAGTTACAATATGCACTGGGTAAAGCAGACACCTGGACAGGGCCTGGAATGGATTGGACGTATTTATCCAGGAAATGGTGATACTTCCTACAGTCAGAAGTTCAAAGGCAAGGCCACATTGACTGCAGACAAATCCTCCAGCACAGCCTACATGCAGCTCAGCAGCCTGACATCTGAGGACTCTGCGGTCTATTACTGTGCAAGAAGGGGCTACTATAGGTACAGCTGGTTTCCCTACTGGGGCCAAGGGACTCTGGTCACTGTCTCTGC"
"LRP4 (cytoplasmic)","N164/6","AGAATTGTGATGACTCAGACTCCGCTCTCCCTGCCTGTCAGTCTTGGAGATCAAGCCTCCATCTCTTGCAAATCTAGTCAGATCCTTGTACACAGTAATGGAAACACCTATTTACATTGGTACCTGCAGAAGCCAGGCCAGTCTCCAAAGCTCCTGATCTACAAAGTTTCCAACCGATTTTCTGGGGTCCCAGACAGGTTCAGTGGCAGTGGATCAGGGACAGATTTCACACTCAAGATCAGCAGCGTGGAGGCTGAGGATCTGGGAGTTTATTTCTGCTCTCAAACTACACATGTTCCGTGGACGTTCGGTGGAGGCACCAAGCTGGAAATCAAAC","GCCTCAAGCAGTGAGGTTCAGCTGCAGCAGTCAGGACCTGGCCTGGTGGCGCCCTCACAGAGCCTGTCCATCACTTGCACTGTCTCTGAGTTTTCATTAACCACCTATGGTGTTCACTGGGTTCGCCAGCCTCCAGGAAAGGGTCTGGAGTGGCTGGGAGTGATATGGGCTGGTGGAAACACAAATTATAATTCGGCTCTCATGTCCAGACTGAGAATCAGCAAAGACAACTCCAAGAGCCAAGTTTTCTTAAAAATGAACAGTCTGGAAACTGATGACACAGCCATGTACTACTGTGCCAGAGGCTACAATGATTACGACTGGTTTGCTTACTGGGGCCAAGGGACTCTGGTCACTGTCTCTGC"
"Navbeta4 Na+ channel","N168/6","AGAATTGTGCTGACCCAAACTCCACTCTCCCTGCCTGTCAGTCTCGGAGATCAAGCCTCCATCTCTTGCAGATCTAGTCAGAGCCTTGTACACAGTAATGGAAACACCTATTTACATTGGTACCTGCAGAAGCCAGGCCAGTCTCTAAAGCTCCTGATCTACAAAGTTTCCAACCGATTTTCTGGGGTCCCAGACAGGTTCAGTGGCAGTGGATCAGGGACAGATTTCACACTCAAGATCAGCAGAGTGGAGGCTGAGGATCTGGGAGTTTACTTCTGCTCTCAAGGTACACATGTTCCGCTCACGTTCGGCGCTGGGACCAAGCTGGAGCTGAAAC","GCCTCAAGCAGTCAGGTGCAGATGAAGGAGTCGGGACCTGGCCTAGTGAAACCTTCTCAGTCTCTGTCCCTCACCTGCACTGTCACTGGCTACTCAATCACCAGTGATTATGCCTGGAACTGGATCCGGCAGTTTCCAGGATACACACTGGAGTGGATGGGCTACATAACCTACAGTGGTAGCACTAGCTACAGCCCATCTCTCAAAAGTCGAATCTCTATCACTCGAGATACATCCAAGAACCAGTTCTTCCTCCAGTTGAATTCTGTGACTTCTGAAGACACAGCCACATATTACTGTGCAAGAGGAAGTTTTGACTACTGGGGCCAAGGCACCACTCTCACAGTCTCCTC"
"Neurexin-1-Beta","N170A/1","AGAAATTGTGATGACCACAAACTCCTCTCTCCCTGCCTGTCAGTCTTGGAGATCAAGCCTCCATCTCTTGCAGATCTGGTCAGAGCATTGTACATACTAATGGAAACACCTATTTAGAATGGTACCTGCAGAAACCAGGCCAGTCTCCAAAGCTCCTGATCTACAAAGTTTCCAACCGATTTTCTGGGGTCCCAGACAGGTTCAGGGGCAGGGGATCAGGGACAGATTTCACACTCAAGATCAGCAGAGGGGAGGCTGAGGATCTGGGAGTTTATTACTGCTTTCAAGGTTCACATATTCCGTACACGTTCGGAGGGGGGACCAAACTGGAAATAAAAC","GCCTCAAGCAGTGAGTTTCAGCTTCAGCAGTCTGGACCTGAGCTGGTGAAGCCTGGGGCTTCAGTGAAGATGTCCTGCAAGGCTTCTGGATACACATTCACTGACTATGTTATAACCTGGGTGAAACAGAGAACTGGGCAGGGCCTTGAGTGGATTGGAGAGATTTATCCTGGAAGTGGTAATACTTACTACAATGAGAAGTTCAAGGGCAAGGCCACACTGACTGCAGACACATCCTCCAACACAGCCTACATGCAGCTCAGCAGCCTGACATTTGAGGACTTTGCGGTCTATTTCTGTGCAAGACTAGGAGGTACTAGCCTCTATTACTATGTTATGGACTACTGGGGTCAAGGAACCTCAGTCACCGTCTCTC"
"Neurexin-1-Beta","N170A/26","AAAATTGTGCTGACCCGGCTGCACCCTCTGTATCTGTCACTCCTGGAAAGTCGTATCCATCTCCTGCAGGTCTAGTAAAAGTCTCCTGCATAGTAATGGCAACACTTATTTGTATTGGTTCCTGCAAAGGCCAGGCCAGTCTCCTCAAATCCTGATATATCGGATGTCCATCCTTGCCTCAGGAGTCCCAAACAGGTTCAGGGGCAGGGGGTCAGGAACTGCTTTCACATTGAAAATCAGTAAAGGGGAGGCTGAGGATGGGGGTGTTTATTACTGTATGCAACATCTAAAATATCCGCTCACGTTCGGGGCTGGGACCAAGCTGGAGCTGAAAC","GCCTCAAGCAGTCAGGTTCAACTGCAGCAGTTTGGGTCTGAGCTGGTGAGGCCTGGAGCTTCAGTTAGGCTGTCCTGCAAGGCTTCTGGCTACACATTCACCAGCTACTGGATACACTGGGTGAAGCAGAGGCATGGACAAGGCCTTGAGTGGATTGGAGATATTTATCCTGGTAGTGGTGACACTTACTACGATGAGAAGTTCAAGAGCAAGGGCACACTGGCTGTAGACACATCCTCCAGCACAGTCTACATGCACCTCAGCAGCCTGACATCTGAGGACTCTGCGGTCTATTACTGTACAAGAGAGGATTACTACGGTCGTAGACCCTTTGACTACTGGGGCCAAGGCACCACTCTCACAGTCTCCTCGGCGCGCTATTCTAGGTAATTTA"
"INPP4b","N171/17","ACAATCCTGCTGACCCAATCTCCCCTTCTTTGGCTGTGTGTTAGGGCAGAGGGCCACCATATCCTGCAGAGCCAGTGAAAGTGTTGATAGTTATGGCAATAGTTTTATGCACTGGTTCCAGCAGAAACCAGGACCGCCACCCAAACTCCTCATTTATCTTGCCTTCAACCTAAAATCTGGGGTCCCTGCCAGGGTCACGGCAGTGGGTCTAGGACAGACTTACCCTCACCATTGAGCCTGTGGGGGCTGATGATGCTGGACCTATTACTGTCAGCAAAATTATGAGGATCCTTGGACCCTCGCGGAGGCACCAAGCTGGAAATCAAAC","AATGTGACCATCCTCTTCAGTGCCAATAACATCCCCAGTGCCTTTTTCCCCCCAGGTGTCCACTCCCAGGCCACCATGAAGCTGCCTGTTCTGTTAGTGGTCCTGCTATTGTCATCGAGTCCAACCTCAAGCAGTGAGATCCAGCTGCAACAGTCTGGGGCAGAGCTTGGAAAACCAGGGGCCTCAGTCGAGTTGTCCTGCCCAGATTCTGGCTTCAACATTAAAGACACCTATATGCGCTGGGTGAAGCAGAGGCCTGAGCAGGGCCTGGAGTGGATTGGAAGAATTGGTCCTACAAATGGTAATACTAAATATGACCCCAAGTTCCAGGGCAGGGCCACTATAACAGCAGACCCATCCTCCACCACAGCCCACCTGCAGCTCAGCAGCCTGACATCTGAGTACAATGCCGTCTATTACTGTGCTTCTATTACTTCGGTTTTTGACTACTGGGCCAAGGCACCACTTTCACAGTGTCTC"
"Gamma-protocadherin-C3","N174B/27","AGAAATTCTAATGACCCAGTCGCCATCATCTCTGGCTGTGTCTGCAGGAGAAAAGGTCACTATGAGCTGTAAGTCCAGTCAAAGTGTTTTATACAGTTCAAATCAGAAAAACTACTTGGCCTGGTACCAGCAGAAACCAGGGCAGTCTCCTAAACTGCTGATCTACTGGGCATCCACTAGGGAATCTGGTGTCCCTGATCGCTTCACAGGCAGGGGATCTGGGACAGATTTTACTCTTACCATCAGCAGTGTACAAGCTGAAGACCTGGCAGTTTATTACTGTCATCAATACCTCTCCTCGTACACGTTCGGAGGGGGGACCAAGCTGGAAATAAAAC","GCCTCAAGCAGTGAGGTGCAGCTTCAGCAGTCTGGAGCTGAGCTGGTGAAACCCGGGGCATCAGTGAAGCTGTCCTGCAAGGTTTCTGGCTACACCTTCACTGAGTATATTATACACTGGGTAAAGCAGAGGTCTGGACAGGGTCTTGAGTGGATTGGGTGGTTTTTCCCTGGAATTGGTAGTATAAAGTACAATGAGAAATTCAAGGACAAGGCCACATTGACTGCGGACAAATCCTCCAGCACAGTCTATATGGAGCTTAGTAGATTGACATCTGAAGACTCTGCGGTCTATTTCTGTGCAAGACACGAAGATACGGGTAGGGCTATGGACTACTGGGGTCAAGGAACCTCAGTCACCGTCTCCTC"
"S100A5","N176A/35","AGAATCCTGCTGACCCAATCTTCATCCTACTTGTCTGTATCTCTAGGAGGCAGAGTCACCATTACTTGCAAGGCAAGTGACCACATTAATAATTGGTTAGCCTGGTATCAGCAGAAACCAGGAAATACTCCTAGGCTCTTAATATCTGGTGCAACCAATTTGGAAACTGGAATTCCTTCAAGAATCAGTGGCAGTGGATCTGGAAAGGATTATACTCTCACCATTACCGGTCTTCACACTGAAGATGTTGCTACTTATTACTGTCAACAGTATTGGAGGACTCCGTGGACGTTCGGTGGCGGCACCAAGCTGGAAATCCAAC","GCCTCAAGCAGTGAGTTTCAGCTGCAGCAGTCTGGGGCTGAGCTGGTGAGGCCTGGGTCCTCAGTGACGATTTCCTGCAAGGCTTCTGGCTATGCATTCATGCTCTACTGGATGAACTGGGTGAAACAGAGGCCTGGACAGGGTCTTGAGTGGATTGGACAGATTTTTCCTGGAGATGGTGATAGTAAGTTCAATGGAAACTTCAAGGGTAAAGTCACACTGACTGCAGACAAATCTTCCAGTACAGCCTACATGCAGCTCAGCAGCCTAACATCTGAGGACTCTGCGGTCTACTTCTGTACAAGACGCGGGCCCTTTGACTACTGGGGCCAAGGCACCACTCTCACAGTCTCCTC"
"Cav3.1 Ca2+ channel","N178A/9","GAATTATGATGTCACAGTCTCCATCCTCCCTGGCTATGTCAGTTGGACAGAGCGTCACTATGAACTGCAAGTCCAGTCAGAGCCTTTTAAATACTAACAATCAGAAGAACCATTTGGCCTGGTATCAGCAGAAACCGGGACAGTCTCCTAGACTTCTGCTATTCTTTGCATCCACTAGGGAATCTAGGGTCCCTGATCGCTTCATAGGCAGTGGATCTGGGACAGATTTCACTCTTACCATCAGCGGTGTGCGGGCTGAAGACCTGGCAGATTACTTCTGTCAGCAACATTATAGCGCTCCGTACACGTTCGGAGGGGGGACCAAGCTGGAAATAAGAC","GCCTCAAGCAGTGAGGTGCAGCTGCAGCAGTCTGGGGCTGAGCTGGTGAGGCCTGGGGCTTCAGTGAAGCTGTCCTGCAAGGCCTTGGGCTACAAGTTTACTGACTCTGAAATTCACTGGGTGAAGCAGACACCTGTGTATGGCCTGGAATGGATTGGAGCTGTTCGTCCAGGAAGTGATGGTATTGCCGACAATCAGAAGTTCGAGGGCAAGGCCACACTGACTGCAGACAAAATTTCCAGCACAGTCTACATGGAGCTCAGCAGCCTGACATCTGAGGACTCTGGTGTCTATTACTGTACAAGATTTGACTACTGGGGCCAAGGCACCACTCTCACAGTCTCCTC"
"PSD-93/Chapsyn-110","N18/30","AGATATCCAGATGACGCAGGCTGCTTTCTCCAATCCAGTCACTCTTGGAACACCAGCTTCCATCTCCTGCAGGTCTAGTAAGAGTCTCCTATATAGTAATGGCATCACTTATTTGTTTTGGTATCTGCAGAAGCCAGGCCAGTCTCCTCAGCTCCTGATTTATCAGATGTCCAGCCTTGCCTCAGGAGTCCCAGACAGGTTCAGTAGCAGTGGGTCAGGAACTGATTTTACACTGAGAATCAGCAGAGTGGAGGCTGAGGATGTGGGTGTTTATTACTGTGCTCAAAATCTAGAACTTCCGTGGACGTTCGGTGGAGGCACCAAGCTGGAAATCAAAC","GCCTCAGCAGTGAGGTGAAGCTGATGGAATCTGGGGGAGACTTAGTGAAGCCTGGAGGGTCCCTGAAAGTCTCCTGTGCAGCCTCTGGATTCACTTTCACTACCTATGGCATGTCTTGGGTTCGCCAGACTCCAGACAAGAGGCTGGAGTGGGTCGCAAGTATTAGTAGTGGTGGCGATTACATGTTCTATTCAGACAGTGTGAAGGGGCGATTCACCATCTCCAGAGACAATGCCAAGAACACCCTGTATCTGCAAATGACCAGTCTGAAGTCTGACGACACAGCCATGTATTCCTGTGCACGACATGATGGTTATTCCTGGTTTGTTTATTGGGGCCAAGGAACCTCAGTCACCGTCTCCTC"
"QKI-6","N182/17","AGAATCGTAATGACCCAAACTCCACTCTCCCTGCCTGTCAGTCTTGGAGATCAAGCCTCCATCTCTTGCAGATCGAGTCAGACCATTGTACATAGTATTGGAATCACCTTTTTAGAATGGTACCTGCAGAAACCAGGCCAGTCTCCAAAGCTCCTGATCTACAGAGTTTCCAACCGATTTTCTGGGGTCCCAGACAGGTTCAGTGGCAGTGGATCAGGGACAGATTTCACACTCAAGATCAGCAGAGTGGAGGCTGAGGATCTGGGAGTTTATTACTGCTTTCAAGGTTCACATGTTCCATTCACGTTCGGCTCGGGGACAAAGTTGGAAATAAAAC","GCCTCAAGCAGTGAGGTGCAGCTGGTGGAGTCTGGAGGAGGCTTGGAACAGCCTGGGGGTTCTCTGAGACTCTCCTGTGCAACTTCTGGGTTCACCTTCAGTGATTACTACATGAGTTGGGTCCGCCAGCCTCCAGGAAAGGCACTTGAGTGGTTGGGTTTTACTAGAAACAAAGCTAATGGTTACACAACAGAATACAGTGCATCTGTGAGGGGTCGGTTCACCATCTCCAGAGATAATTCCCAAAGCATCCTCTATCTTCAACTGAACACCCTGAGAACTGAGGACAGTGCCACTTATTTCTGTGCAAGAGAAGGGGATCTTCTATGGGGTACCTGGTTTGCTTACTGGGGCCAAGGGACTCTGGTCACTGTCTCTGC"
"SAP102","N19/2","AAAATTGTGCTAACTTAGTCTCCGCCCCCCTGTCTGTGACTCCAGGAAATAGCGTCAGTCTTTCCTGCAGGGCCAGCCAAAATATTAACAACAACCTACACTGGTATAAACAAAAATCACATGAGTCTCCAAGGCTTCTCATCAAGTATGCTTCCCAGTCCATCTCTGGGATCCCCTCCAGGTTCAGGGGCAGGGGATCAGGGACAGATTTCACTCTCAGTATCAACAGGGTGGAAACTGAAAATTTTGGAATGTATTTCTGTCAACAGAGTAACATTTGGCCGTACATGTACACGTTCGGAGGGGGGACCAAGCTGGAAATAAAAC","GCCTCAAGCAGTGAGGTGCAGCTGGTGGAATCTGGGGGAGACTTAGTGAAGCCTGGAGGGTCCCTGAAACTCTCCTGTGCAGCCTCTGGATTCACTTTCAGTACCTATGGCATGTCTTGGGTTCGCCAGACTCCAGACAAGAGGCTGGAGTGGGTCGCAGCCATTAGTAGTGGTGGTTATTACACCTACTATCCAGACAGTGTGAAGGGGCGATTCACCATCTCCAGAGACGATGCCAAGAACACCCTGTACCTGCAAATGAGCAGTCTGAAGTCTGAGGACACAGCCATGTATTACTGTGCAAGAAGGGATTACGACGACGGTTATACTATGGATTACTGGGGTCAAGGAACCTCAGTCACCGTCTCCTC"
"Shank1","N22/21","AAAAACAACTGTGACCCAGTCTCCATCCTCCCTGGCTGTGTCAGCAGGAGAGAAGGTCACTATGAGCTGCAAATCCTGTCAGAGTCTGCTCAACAATAGACCCCGAAAGAACTTCTTGGCTTGGTACCAACAGAAACCAGGGCAGTCTCCTAAACTGCTGATCTACTGGGCATCCACTAGGGAATCTGGGGTCCCTGATCGCTTCACAGGCAGGGGATCTGGGACAGATTTCACTCTCACCATCAGAAGTGGGCAGGCTGAAGACCTGGCAGTTTATTACTGAAAGCAATCTTATAATCTTCCGGACGTTCGGGGGAGGCACCAAGCTGGAAATCAAACG","GCCTCAAGCAGTGAGGTGAAGCTGATGGAATCTGGGGGAGACTTAGTGAAGCCTGGAGGGTCCCTGAAACTCTCCTGTGCAGCCTCTGGATTCACTTTCAGTAGGTATGGCATGTCTTGGGTTCGCCAGACTCCAGACAAGAGGCTGGAGTGGGTCGCTACCGTTAATAGTGGTGGTAGTTACACCTACTATCCAGACAGTGTGAAGGGGCGATTCACCATCTCCAGAGACAATGCCAAGTACGCCCTGTACCTGCAAATGCGCAGTCTGAAGTCTGAGGACACAGCCATATATTACTGTACAAGACAAGGTTACTTCCCGTTTACTTACTGGGGCCAAGGGACTCGGTCACTGTTTTTGC"
"KCNT1/Slo2.2/Slack K+ channel","N3/26","AAAATTGGGGTGAAAAAAAATCCAAATCCCTGCTGGTATAGCAGGAGACAGGGTTACCATCACCTGCAAGGCCAGTCAGAGTGTGAGTAATGAAGTAGGTTGGTACCAACAGAAGCCAGGGCAGTCTCCTAAATTGATGATATACTTTGCATCCAATCGCTACACTGGAGTCCCTGATCGTTTCACTGGCAGGGGATATGGGACGGATTTCACTTTCACCATCAGCACTGGGCAGGCTGAAAACCTGGCAGTTTATTTCTGTCAGCAGGATTATAGTTCTCCGTTCACGTTCGGGGGGGGGACCAAGCTGGAAATAAAAC","GCCTCAAGCAGTCAGGTTCAACTGCAGCAATCGGGACCTGGCCTGGTGAAACCTTCTCAGTCTCTGTCCCTCACCTGCACTGTCACTGGCTACTCAATCACCAATGATTATGCCTGGAACTGGATCCGGCAGTTTCCAGGAAACAAACTGGAGTGGATGGGCTACATAAACTACAGTGGTAGCACTAGCTACAACCCCTCTCTCAAAAGTCGAATCTCTATCACTCGAGACACATCCAAGAACCAGTTCTTCCTGCAGTTGAATTCTGTGACTACTGAGGACACAGCCACATATTACTGTGCAAGATATGGTTACTGGGGCCAAGGCACCACTCTCACAGTTTCCTC"
"VGlut3","N34/34","AGAATTCTGATGACCCAAACTCCACTCTCCCTGCCTGTCAGTCTTGGAGATCAGGCCTCCATCTCTTGCAGATCTAGTCAGAGCCTTGTTCACAGTGATGGAAACACCTATTTACATTGGTACCTGCAGAAGCCAGGCCAGTCTCCAAAGCTCCTGATCTACAAAGTTTCCAACCGAGTTTCTGGGGTCCCAGACAGGTTCAGTGGCAGTGGATCAGGGACATATTTCACACTCAAGATCAGCAGAGTGGAGGCTGAGGATCTGGGAGTTTATTTTTGCTCCCAAAGTTCACATATTCCGTGGACGTTCGGTGGAGGCACCAAGCTGGAAATCAAACG","GCCTCAAGCAGTCAGGTCCAACTGCAGCAGCCTGGGGCTGAGCTTGTGAAGCCTGGGGCTTCAATGAAGCTGTCCTGCAAGGCTTCTGGCTACACCTTCACCAGCTACTGGATACACTGGGTGAAGCAGAGGCCTGGACAAGGCCTTGAGTGGATCGGAGAGATTGATCCTTCTGATAGTTATACTAACTACAATCAAAATTTCAAGGGCAAGGCCACATTGACTGTTGACAAATCCTCCAGCACAGCCTACATGCAGCTCAGCAGCCTGACATCTGAGGACTCTGCGGTCTATTACTGTGCAACCGACGGCCCCTTTGCTTACTGGGGCCAAGGGACTCTGGTCACTGTCTCTGC"
"BKbeta3a K+ channel","N40B/18","AGAAATCTTGCTGACCCAATCTCCGCTTCTTTGGTTGTGTCTCTAGGGCAGAGGGCCACCATCTCCTGCAAGGCCAGCCAAAGTGTTGATTATGATGGTAATAGTTATATGAACTGGTACCAACAGAAACCAGGACAGCCACCCAAACTCCTCATCTATGCTGCATCCAATCTAGAATCTGGGATCCCAGTCAGGTTTAGGGGCAGGGGGTCTGGGACAGATTTCACCCTCAACATCCATCCTGGGGAGGAGGAGGATGCTGCAACCTATTACTGTCAGCAAAGTAATGAGGATCCGCTCACGTTCGGGGCTGGGACCAAGCTGGAGCTGAAAC","GCCTCAAGCAGTCAGGTGCAGATGAAGCAGTCTGGGGCTGAACTGGTGAAGCCTGGGGCTTCAGTGAAGTTGTCCTGCAAGGCTTCTGGCTACACCTTCACCACCTACTATATGTACTGGGTGAAGCAGAGGCCTGGACAAGGCCTTGAGTGGATTGGAGAGATTAATCCTAGCAATGGTGGTACTAACTTCAATGAGAAGTTCAAGAGCAAGGCCACACTGACTGTAGACAAATCCTCCAGCACAACATACATGCAACTCAGCAGCCTGACATCTGAGGACTCTGCGGTCTATTACTGTACAAGACCGGGGACCTATAGGTTCGAGGAGCTCTGGTTTGCTTACTGGGGCCAAGGGACTCTGGTCACTGTCTCTGC"
"NGL-1/LRRC4C","N49A/21","AAAATCTTGCTGACCCAAACTCCACTCACTTTGTCGGTTACCATTGGACAACCAGCCTCCATCTTTTGCAAGTCAAGTCAGAGCCTCTTAAATAGGGATGGAAAGACATATTTGAATTGGTTGTTACAGAGGCCAGGCCAGTCTCCAAAGCGCCTAATCTATCTGGTGTCTAAACTGGACTCTGGAGTCCCTGACAGGTTCACTGGCAGGGGATCAGGGACAGATTTCACACTGAAAATCAGCAGAATGGAGGCTGAGGATTTGGGAGTTTATTATTGCTGGCAAGGTACACATTTTCCTTACACGTTCGGAGGGGGGACCAAGCTGGAAATAAAAC","GCCTCAAGCAGTCAGGTCCAACTGCAGCAGCCTGGGGCTGAGCTGGTGAGGCCTGGGGCTTCAGTGACGCTGTCCTGCAAGGCTTCGGGCTACACATTTACTGACTATGAAATGCTCTGGGTGAAGCAGACACCTGTGCATGGCCTGGAATGGATTGGAACTATTGATCCTGAAACTGGTGGTACTGCCTACAATCAGAAGTTCAAGGGCAAGGCCATACTGACTGCAGACAGATCCTCCATCACAGCCTATATGGACCTCCGCAGCCTGACATCTGAGGACTCTGCCGTCTATTACTGTACAAGTCTCGACGCGGCTTACTGGGGCCAAGGGACTCTGGTCACTGTCTTTGCGGCGCGGCCGCAGACATCCAGCTGACACAGTCTCCTC"
"NGL-2/LRRC4","N50/36","AGAACAACTGTGACCCAAACTCCACTCTCCCTGCCTGTCAGTCTTGGAGATCAAGCCTCCATCTCTTGCAGATCTAGTCAGAGTGTTGTACATAGTGATGGAAACACCTATTTAGAATGGTACCTGCAGAAACCAGGCCAGTCTCCAGAGCTCCTGATCTACAAAGTTTCCAACCGATTTTCTGGGGTCCCAGACAGGTTCAGTGGCAGTGGATCAGGGACAGATTTCACACTCAAAATCAGCAGAGTGGAGGCTGAGGATCTGGGAGTTTATTACTGCTTTCAAGGTTCACATTTTCCATTCACGTTCGGCTCGGGGACAAAGTTGGAAATAAAACG","GCCTCAAGCAGTCAGGTGCAGATGAAGGAGTCTGGGGCTGAGCTGGTGAAGCCTGGGGCTTCAGTGAAGATGTCCTGCAAGGCTTCCGGCTACACCTTCACCACCTACTGGATGCACTGGGTGAAGCAGAGGCCTGGACAAGGCCTTGAGTGGATCGGAGTAATTGATCCTTCTGATAGTTATACTAACTACAATCAAAAGTTCAAGGGCAAGGCCACATTGACTGTAGACACATCTTCTAACACAGCCTTCATACACCTCAGCAGCCTGACATCTGAGGACTCTGCGGTCTATTACTGTACAACTACGGTTGACCACTGGGGCCAAGGCACCACTCTCACAGTCTCCTC"
"NGL-3/LRRC4B","N51/6","AGATGTTTTGATGACCCAGTCTCCATCCTCCGTAGCTGTGTCAGTTGGAGAGAAGGTTACTATGAGCTGCAAGTCCAGTCAGAGCCTTTTATATAGTGGCAATCAAAAGAACGACTTGGCCTGGTACCAGCAGAAACCAGGGCAGTCTCCTAAACTGCTGATTTACTGGGCATCCACTAGGGAATCTGGGGTCCCTGATCGCTTCACAGGCAGTGGATCTGGGACAGATTTCATTCTCACCATCAGCAGTGTGAAGGCTGAAGACCTGGCAGTTTATTACTGTCAGCAATATTATAGCTATCCGTACACGTTCGGAGGGGGGACCAAGCTGGAAATAAAAC","GCCTCAAGCAGTCAGGTCCAACTGCAGCAGTCTGGGGCAGAGCTTGTGAGGTCAGGGGCCTCAGTCAAGTTGTCCTGCACTGCTTCTGGCTTCAACATTAAAGACTACTATATGTATTGGGTGAAGCAGAGGCCTGAACAGGGCCTGGAGTGGGTTGGATGGATTGATCCTGAGAATGGTGATACTGAATATGCCCCGAGTTTCCAGGGCAAGGCCACTATGACTGCAGACACATCCTCCAACACAGCCTACCTGCAGCTCAGCAGCCTGACATCTGAGGACACTGCCGTCTATTTCTGTAATGCATTGGCTAGCTGGGACAATAACTATGCTATGGACTATTGGGGTCAAGGAACCTCAGTCACCGTCTCCTC"
"Mortalin/GRP75","N52A/42","AGACATTGTGCTGACTCAGTCTCCATCCTCCTTATCTGCCTCTCTGGGAGAAAGAGTCAGTCTCACTTGTCGGGCAAGTCAGGAAATTAGTGGTTACTTAAGCTGGATTCAGCAGAAACCAGATGGAGCTATTAAACGCCTGATCTACGCCGCATCCACTTTAGATTCTGGTGTCCCGAAAAGGTTCAGTGGCAGTAGGTCTGGGTCAGATTATTCTCTCACCATCAGCAGCCTTGAGTCTGAAGATTTTGCAGACTATTACTGTCTACAATATGCTATTTATCCTCGGACGTTCGGTGGAGGCACCAAGCTGGAAATCAAAC","GCCTCAGCAGTCAGGTGCAGCTGAAGGAGTCAGGACCTAGCCTCGTGAAACCTTCTCAGACTCTGTCCCTCACCTGTTCTGTCACTGGCGACTCCATCACCAGTGGTTACTGGAACTGGATCCGGAAATTCCCAAGGAATAAATTTGAGCACATGGGGTACATAAACTACAGTGGTAACACTTACTACAATCCATCTCTCAAAAGTCGAATCTCCATCACTCGAGACACATCCAAGAACCAGTACTACCTGCAGTTGAATTCTGTGACTACTGAGGACACAGCCACATATTACTGTGCAAGGGGGGGTTACGACGGGGACTACTGGGGCCAAGGCACCACTCTCACAGTCTCCTC"
"Cav3.2 Ca2+ channel","N55/10","AGAAATCCGAAGACACAGAACTCCCTCACTTTGTCGGTTACCATTGGACAACCAGCCTCTATCTCTTGCAAGTCAAGTCAGACCCTCTTATATAGGGATGGAAAAACCTATTTGAATTGGTTATTACTGAGGCCAGGCCAGTCTCCAAAGCGCCTAATCTATCTGGGGTCTACACTGGACTCTGGAGTCCCTGACAGGTTCACTGGCAGGGGATCAGGAACAGATTTTACACTGAAAATCAGCAGAGGGGAGGCTGAAGATTTGGGAGTTTTTTACTGCGTGCAAGGTACACATTTTCCTCAGACGTTCGGGGGAGGCACCAAGCTGGAAATCAAAC","GCCTCAAGCAGTCAGGTCCAACTGCAGCAGCCTGGGGCAGAGCTTGTGAGGTCAGGGGCCTCAGTCAAATTGTCCTGCACAGCTTCTGGCTTCAACATTAAAGTCTACTATATACACTGGGTGAAACAGAGGCCTGAACAGGGCCTGGAGTGGATTGGATGGATTGATCCTGCGAATGGTGATACTGACTATGCCCCGAAGTTCCTGGACAAGGCCACTATGGCTGCAGACACATCCTCCAACACAGCCTACCTGCAACTCAACAGCCTGACATCTGAAGACACTGGGCCGCAGACATTGTGATGACACAGTCTCCTC"
"GluN2B/NR2B glutamate receptor","N59/36","AGACATCCAGATGACCCAGACTCCACTCACTTTGTCGGTTACCATTGGACAACCAGCCTCCATCTCTTGCAAGTCAAGTCAGAGCCTCTTAGATAGTTATGGAAAGACATATTTGAATTGGTTGTTACAGAGGCCAGGCCAGTCTCCAAAGCGCCTAATCTATCTGGTGTCTAAACTGGACTCTGGAGTCCCTGACAGGTTCACTGGCAGTGGATCAGGGACAGATTTCACACTGAAAATCAGCAGAGTGGAGGCTGAGGATTTGGGAGTTTATTATTGCTGGCAAGGTACACATTTTCCTCACACGTTCGGAGGGGGGACCAAGCTGGAAATAAAAC","GCCTCAAGCAGTGAGGTGCAGCTGGTGGAATCTGGGGGAGACTTAGTGAAGCCTGGAGGGTCCCTGAAACTCTCCTGTGCAGCCTCTGGATTCACTTTCAGTACCTATGGCATGTCTTGGGTTCGCCAGACTCCAGACAAGAGGCTGGAGTGGGTCGCAGCCATTAGTAGTGGTGGTTATTACACCTACTATCCAGACAGTGTGAAGGGGCGATTCACCATCTCCAGAGACGATGCCAAGAACACCCTGTACCTGCAAATGAGCAGTCTGAAGTCTGAGGACACAGCCATGTATTACTGTGCAAGAAGGGATTACGACGACGGTTATACTATGGATTACTGGGGTCAAGGAACCTCAGTCACCGTCTCCTC"
"Shank3","N69/46","AGAAATCCAGAATGACTCAGAACTACATCCTCCCTGTCTGCCTCTCTGGGAGACAGAGTCACCATCAGTTGCAGGGCAAGTCAGGACATTAGGAATTGTTTAAACTGGTATCAGCAGAAACCAGATGGAACTGTTAAACTCCTGATCTATTACACATCAAATTTTCACTCAGGAGTCCCATCAAGGTTCAGGGGCAGGGGGTCTGGGACAGATTATTCTCTCACCATCAGCAACCTGGAACCTGAAGATATTGCCACTTACTATTGTCAACAGTATCGTAAACTTCCGGGGACGTTCGGGGGAGGCACCAAGCTGGAAATCAAAC","GCCTCAAGCAGTGAGGTGCAGCTGGTGGAATCTGGGGGAGGCTTAGTGAAGCCTGGAGGGTCCCTGAAACTCTCCTGTGCAGCCTCTGGATTCGCTTTCAGTACCTATGACATGTCTTGGGTTCGCCAGACTCCGGAGAAGAGGCTGGAGTGGGTCGCATACATTAGTAGTGGTGGTGGTGGCACCTACTATCCAGACACTGTGAAGGGCCGATTCACCATCTCCAGAGACAATGCCAAGAACACCCTGTACCTGCAAATGAGCAGTCTGAAGTCTGAGGACACAGCCATGTATTACTGTACAAGACATGATGGGGGTGATAACTACGACTTAGACTACTGGGGCCAAGGCACCACTCTCACAGTCTCCTC"
"Cavbeta1 Ca2+ channel","N7/18","AGAATCGTGATGACCCAGACTCCACTCACTTTGTCGGTTACCATTGGACAACCAGCCTCCATCTCTTGCAAGTCAAGTCAGAGCCTCTTACATAGTGGTGGAGAGACGTATTTGAATTGGTTGTTTCAGAGGCCAGGCCAGTCTCCAAAGCGCCTAATCTATCTAGTGTCTAAGCTGGACTCTGGAGTCCCTGACAGGTTCACTGGCAGTGGATCAGGGACAGATTTCACACTGAAAATCAGCAGAGTGGAGGCTGAGGATTTGGGAGTTTATTATTGCTGGCAAGGTACACATTTTCCGCTCACGTTCGGTGCTGGGACCAAGCTGGAGCTGAAAC","GCCTCAAGCAGTGAGGTGCAGCTGGTGGAGACTGGGGGAGGCTTAGTGAAGCCTGGAGGGTCCCTGAAACTCTCCTGTGAAGCCTCTGGATTCACTTTCCGTAACTATGCCATGTCTTGGGTTCGCCAGTCTCCAGAGAAGAGGCTGGAGTGGGTCGCAGAAATTACTAGTGGTGGAAGTTACACCTACTATCCCGACACTGTGACGGGCCGATTCACCATCTCCAGAGACAATGCCAAGAACACCCTATACCTGGAGATGAGCAGTCTGAAGTCTGAGGACACGGCCATGTATTACTGTGCAACGTTTGGTCACGACGGCTTTGGTTACTGGGGCCAAGGGACTCTGGTCACTGTCTCTGC"
"mGluR1/5 (Group I) glutamate receptor","N75/3","AGAAATTCTGATGACCCAATCTCCAGCTTCTTTGGCTGTGTCTCTAGGACAGAGGGCCACCATATCCTGCAGAGCCAGGGAAAGTGTTGATACTTATGGCAATACTTTTATGCACTGGTACCAGCAGAAACCAGGACAGCCACCCAAACTCCTCATCTATCTTGCATCCAACCTAAAATCTGGGGTCCCTGCCAGGTTCAGGGGCAGGGGGTCTAGGACAGAGTTCACCCTCACCATTGATCCTGGGGAGGCTGATGATGCTGCAACCTATTACTGTCAGCAAAATAATGAGGATCCGGGGACGTTCGGGGGAGGCACCAAGCTGGAAATCAAGC","GCCTCAAGCAGTCAGGTTACTCAGAAAGTGTCTGGACCTGAGCTGATGAAGCCTGGGGCTTCAGTGAAGATATCCTGCAAGACTTCTGGATACGATTTCACTGAATACACCTTGCACTGGGTGAAGCAGAGCCATGGAAAGAGCCTTGAGTGGATTGGAGGAATCTATCCAAAAAATGATGATAGTAGCTACAACCAGAAGTTCAAGGGCAGGGCCACATTGACTGTAGACAGGTCCTCCAACACAGCCTACATGGAGTTCCGCAGCCTGACATCTGAGGATTCTGCAGTCTATTACTGTGCAAGAGACAGAGCGGACTACTTTGACTACTGGGGCCAAGGCACCACTCTCACAGTCTCCTCGGCGCGCTATTCTAGCTAATCTA"
"TrpC4","N77/15","ATAATTGTGATGACTCAGGCTGCACCCTCTGTACCTGTCACTCCTGGAGAGTCAGTATCCATCTCCTGCAGGTCCAGTAGGAGTCTCCTGCATAGTGATGGGAACACTTACTTGTATTGGTTCCTACAGAGGCCAGGCCAGTCTCCTCAGCTCCTGATATATCGGATGTCCAACCTTGCCTCAGGAGTCCCTGACAGGTTCAGTGGCAGTGGGTCAGGAACTGCTTTTACACTGAGAATCAGTAGAGTGGAGGCTGAGGATGTGGGTATTTATTACTGTCTGCAACATCTAGAATATCCATTCACGTTCGGCTCGGGGACAAAGTTGGAAATAAAAC","GCCTCAAGCAGTGAGGTGAAGCTGATGGAATCTGGGGGAGGCTTAGTGAAGCCTGGAGGGTCCTTGAAACTCTCCTGTGCAGCCTCTGGATTCACTTTCAGTAGTTATGCCTTGTCTTGGGTTCGCCAGACTCCGGAGAAGAGGCTGGAGTGGGTCGCAACCATTAGTAATGGCGGTGGTTACACCTACTATTCAGACAGTGTGAAGGGTCGATTCACCATCTCCAGAGACAATGCCAAGAACACCCTGTACCTGCAAATGAGCAGTCTGAGGTCTGAGGATACGGCCATGTATTACTGTTCAAGAGAGGGTAGTAGGTCGGGCTTTGACTACTGGGGCCAAGGCACCACTCTCACAGTCTCCTC"
"GABA(B)R2","N81/37","AAAATTGTGATGACTCAGGCTGCACCCTCTGTACCTGTCACTCCTGGAGAGTCAGTATCCATCTCCTGCAGGTCCAGTAGGAGTCTCCTGCATAGTGATGGGAACACTTACTTGTATTGGTTCCTACAGAGGCCAGGCCAGTCTCCTCAGCTCCTGATATATCGGATGTCCAACCTTGCCTCAGGAGTCCCTGACAGGTTCAGTGGCAGTGGGTCAGGAACTGCTTTTACACTGAGAATCAGTAGAGTGGAGGCTGAGGATGTGGGTATTTATTACTGTCTGCAACATCTAGAATATCCATTCACGTTCGGCTCGGGGACAAAGTTGGAAATAAAAC","GCCTCAAGCAGTGAGGTGAAGCTGATGGAATCTGGGGGAGGCTTAGTGAAGCCTGGAGGGTCCTTGAAACTCTCCTGTGCAGCCTCTGGATTCACTTTCAGTAGTTATGCCTTGTCTTGGGTTCGCCAGACTCCGGAGAAGAGGCTGGAGTGGGTCGCAACCATTAGTAATGGCGGTGGTTACACCTACTATTCAGACAGTGTGAAGGGTCGATTCACCATCTCCAGAGACAATGCCAAGAACACCCTGTACCTGCAAATGAGCAGTCTGAGGTCTGAGGATACGGCCATGTATTACTGTTCAAGAGAGGGTAGTAGGTCGGGCTTTGACTACTGGGGCCAAGGCACCACTCTCACAGTCTCCTC"
"GIT2","N83/48","GAATCCAGCTGACCCAAACTCCACTCTCCCTGCCTGTCAGTCTTGGAGATCAAGCCTCCATCTCTTGCAGATCTAGTCAGAGCCTTGTACACAGTAATGGAAACACCTATTTACATTGGTACCTGCAGAAGCCAGGCCAGTCTCCAAAGCTCCTGATCTACAAAGTTTCCAACCGATTTTCTGGGGTCCCAGACAGGTTCAGTGGCAGTGAATCAGGGACAGATTTCACACTCAAGATCAGCAGAGTGGAGGCTGAGGATCTGGGAGTTTATTTCTGCTCTCAAAGTACACATGTTCCGTGGACGTTCGGTGGAGGCACCAAGCTGGAAATCAAAC","GCCTCAAGCAGTCAGGTGCAGCTGAAGCAGTCGGGACCTGGCCTGGTGAAACCTTCTCAGTCTCTGTCCCTCACCTGCACTGTCACTGGCTACTCAATCACCAGTGATTATGCCTGGACCTGGATCCGGCAGTTTCCAGGAAAGAAACTGGAGTGGATGGGCTACATAAGCTACAGTGGTAGCACTAGCTACAACCCATCTCTCAAAAGTCGAATCTCTATCACTCGAGACACATCCAAGGACCAGTTCTTCCTACAGTTGAAATCTGTGACTACTGAGGACACAGCCACATATTACTGTGCATCTTATGAGACCTTTGCTTACTGGGGCCAAGGGACTCTGGTCACTGTCTCTGC"
"Laforin","N84/37","AAAATTGTGATGACTCAGTCTCCATCCTCCCTAGCTGTGTCAGTTGGAGAGAAGGTTACTATGAGCTGCAAGTCCAGTCAGAGCCTTTTATATAGTAGCAATCAAAAGAACTACTTGGCCTGGAACCAGCAGAAACCAGGGCAGTCTCCTAAACTGCTGATTTACTGGGCATCCACTAGGGAATCTGGGGTCCCTGATCGCTTCACAGGCAGTGGATCTGGGACAGATTTCACTCTCACCATCAGCAGTGTGAAGGCTGAAGACCTGGCAGTTTATTACTGTCAGCAATATTATAACTATCCGGTCACGTTCGGTGCTGGGACCAAGCTGGAGCTGAAAC","GATGGGTTGAGGTGTGTGATGCAGGACTTAGATTCAGTTGTTTGGGTTAGGTCTTCCATAAAAAAACCGGCCATAATCTGTAGTTTTTGTCTGTCAGTTACCAAGAACGAGGTAGGGTTTTATATTTAGCTGGCCCGATCCGGCCATACAATTGACTGACAATTACATTTTTCTTTTCTTTCCTCACCTTTCCGCCCCCAGCCAGCCATCCATGACCTGCCTTGTTGGTAAAGGGGTTGTTGATTGAACCACAAACCACCCACAAACAGATTCATAATTTCAATGGGGCAGGGTTATGGTTAAACGCCTCCAGACAGTGTCC"
"Malin","N85/18","AGAATCCAGAGACCCAAACTCCACTCTCCCTGCCTGTCAGTCTTGGAGATCAAGCCTCCATCTCTTGCAGATCTAGTCAGACCATTGTACATAGTGATGGAAACACCTATTTAGAATGGTACCTGCAGAAACCAGGCCAGTCTCCAAAGCTCCTGATCTACAAAGTTTCCAACCGATTTTCTGGGGTCCCAGACAGGTTCAGTGGCAGTGGATCAGGGACAGATTTCACACTCAAGATCAGAAGAGTGGAGGCTGAGGATCTGGGAGTTTATTACTGCTTTCAAGGTTCACATGTTCCTCCGACGTTCGGTGGAGGCACCAAGCTGGAAATCAAAC","GCCTCAAGCAGTGAGGTGAAGCTGGTGGAATCTGGGGGAGGCTTAGTGAAGCCTGGAGGGTCCCTGAAACTCTCCTGTGCAGCCTCTGGATTCACTTTCAGTAGCTATTCCATGTCTTGGGTTCGCCAGACTCCGGAGAAGAGGCTGGAGTGGGTCGCAACCATTAGTAGTGGTGGTAGTTACACCTACTTTCCAGACAGTGTGAAGGGCCGATTCACCATCTCCAGAGACAATGCCAAGAACACCCTGTACCTTCAAATGAGCAGTCTGAAGTCTGAGGACACAGCCATGTATTACTGTACAAGAGGCCCGGATTACTGCGGTAGTGGCTACGTTGACTCCTGGGGCCAAGGCACCACTCTCACAGTCTCCTC"
"MESD","N88/12","AGAATCCAGCTGACCCAAACTCCACTCTCCCTGCCTGTCAGTCTTGGAGATCAAGCCTCCATCTCTTGCAGATCTAGTCAGAGCCTTGTACACAGTAATGGAAACACCTATTTACATTGGTACCTGCAGAAGCCAGGCCAGTCTCCAAAGCTCCTGATCAACAAAGTTTCCAACCGATTTTCTGGGGTCCCAGACAGGTTCAGTGGCAGTGGATCAGGGACAGATTTCACACTCAAGATCAGCAGAGTGGAGGCTGAGGATCTGGGAGTTTATTTCTGCTCTCAAAGTACACATGTTCCGCTCACGTTCGGTGCTGGGACCAAGCTGGAGCTGAAACG","GCCTCAAGCAGTCAGGTGCAGCTGAAGGAGTCGGGACCTGGCCTGGTGAAACCTTCTCAGTCTCTGTCCCTCACCTGCACTGTCACTGGCTACTCAATCACCAGTGATTATGCCTGGAACTGGATCCGGCAGTTTCCAGGAAACAAACTGGAGTGGATGGGCTACATAAGCTACAGTGGTAGCACTAGCTACAACCCATCTCTCAAAAGTCGCATCTCTATCACTCGAGACACATCCAAGAACCAGTTCTTCCTGCAGTTGAATTCTGTGACTACTGAGGACACAGCCACATATTACTGTACAAGAAGGACGGCTATGGACTACTGGGGTCAAGGAACCTCAGTCACCGTCTCCTC"
"Cavbeta2 Ca2+ channel","N8B/1","AAACACTGTGACCCAAACTCCCTCTCCCTGCCTGTCAGTCTTGGAAATCAAGCCTCCATCTCTTGCAGATCTAGTCAGAGCCTTGTACACAGTAATGGAAACACCTATTTACATTGGTACCTGCAGAAGCCAGGCCAGTCTCCAAAGCTCCTGATCTACAAAGTTTCCAACCGATTTTCTGGGGTCCCAGACAGGTTCAGGGGCAGGGGATCAGGGACAGATTTCACACTCAAGATCAGCAGAGGGGAGGCTGAGGATCTGGGAGTTTATTTCTGCTCTCAAAGTACACATGTTCCTCCGACGTTCGGGGGAGGCACCAAGCTGGAAATCAAAC","GCCTCAAGCAGTGAGGTCCAGCTCCAGCAGTCTGGAGCTGAGCTGGTGAAGCCTGGGGCTTCAGTGAAGCTGTCCTGCAAGACTTCTGGCTTCACCTTCAGCAGTAGCTATATAAGTTGGTTGAAGCAAAAGCCTGGACAGAGTCTTGAGTGGATTGCATGGATTTATGCTGGAACTGGTGGTTCTAGATATAATCAGAGCTTCACAGGCAAGGCCCAGCTGACTGTAGACACATCCTCCAGCACAGCCTACATGCAATTCAGCAGCCTGACAACTGAGGACTCTGCCATCTATTATTGTGCACACTGTGATTACGACGGGGACTACTTTGACTACTGGGGCCAAGGCACCACTCTCACAGTCTCCTC"
"FGF13/FHF2","N91/27","AAAGTTTTGATGACTCCAGAACTCCCTCCACTTTGTCGGTTACCATTGGACAACCAGCCTCCATCTTTTGCAAGTCAAGTCAGAGCCTTTTAGATAGGGATGGAGACACATATTTGAATTGGTTATTACAGAGGCCAGGCCAGTCTCCAAAGCGCCTACTCTATCTGGGGTCTAAACTGGACTCTGGAGTCCCTGACAGGTTCACTGGCAGGGGATCAGGGACAGATTTCACACTGAAAATCAGCAGAGGGGAGGCTGAGGATTTGGGACTTTATTATTGCTGGCAAGGTACACATTTTCCATTCACGTTCGGCTCGGGGACAAAGTTGGAAATAAAAC","GCCTCAAGCAGTCAGATCCAGTTGGTGCAGTCTGGACCTGAGCTGGTGAAGCCTGGGGCTTTAGTGAAGATATCCTGCAAGGCTTCTGGTTACTCATTCACTGGCTTTTACATACACTGGGTGAAGCAAAGCCATGTAAAGAGCCTTGAGTGGATTGGACGTATTAATCCTTACAATGGTGCTACTACCTACAACCAGAATTTCAAGACCAAGGCCAGCTTGACTGTAGATAAGTCCTCCAACACAGCCTACATGGAGCTCCACAGCCTGACATCTGAGGACTCTGCAGTCTATTACTGTGCAAGATGGGGGCTCTCCTTTGCTATGGACTACTGGGGTCAAGGAACCTCAGTCACCGTTTCCTC"
"GABA(B)R1","N93A/49","AGAATCCAGAGACACAGACTACATCCTCCCTGTCTGCCTCTCTGGGAGACAGAGTCACCATCAGTTGCAGGACAAGTCAGGACATTAGCAATTATTTAAGCTGGTATCAGCAGAAATCAGATGGAACTATTCAACTCCTGATCTACTACACATCAAAATTACACTCAGGAGTCCCATCAAGGTTCAGTGGCAGTGGGTCTGGAACAGATTATTCTCTCACCATTAGCAACCTGGAACAAGAAGATGTTGCCACTTACTTTTGCCAACAGGGTAATACGCTTCCGTACACGTTCGGAGGGGGGACCAAGCTGGAAATAAAACG","GCCTCAAGCAGTCAGGTGCAGATGAAGGAGTCTGGACCTGACCTGGTGAAGCCTGGGGCCTCAGTGAAGATATCCTGCAAGGCTTCTGGTTACTCATTCACTGGCTACTACATGCACTGGGTGAAGCAGAGCCATGGAAAGAGCCTTGAGTGGATTGGACGTTTTAATCCTCACAGTGGTGGTAGTAACTACAACCAGAAGTTCAAGGGCAAGGCCATATTAACTGTAGACAAGTCATCCAGCACAGCCTACATGGAGCTCCGCAGCCTGACATCTGAGGACTCTGCGGTCTATTACTGTGCAAGAATGGACTATGATGGTTACTACGCTTACTGGGGCCAAGGGACTCTGGTCACTGTCTCTGC"
"FGF12/FHF1","N94/17","AGTAATTGTGATGACACAGTCTCCAGCCTCCCTATCTGCATCTGTGGGAGAAACTGTCACCATCACATGTCGAGCAAGTGAGAATATTTATAGTTATTTAGCATGGTATCAGCAGAAACAGGGAAAATCTCCTCAGCTCCTGGTCTATAATGCAAAAACCTTAGCAGAAACTGTGCCATCAAGGTTCAGTGGCAGTGGTTCAGGCACACAGTTTTCTCTGAAGATCAACAGCCTGCAGCCTGAAGATTTTGGGAGTTATCACTGTCAACATCATTATGGTACTCCATTCACGTTCGGCTCGGCGACAACGTTGGAAGTAAAAC","GCCTCAAGCAGTCAGGTCCAACTGCAGCAGCCTGGAACTGAGCTGGCGAGGCCCGGGGCTTCAGTGAAGCTGTCCTGCAGGGCGTCTGGCTACACCTTCACTGACTACTATATAAACTGGGTGAAGCAGAAGACTGGACAGGGCCTTGAGTGGATTGGAGAAATTTATCCTGGAATTGGTAAAACTTACTATAATGAGAAGTTCAAGGGCAAGGCCACACTGACTGCAGACAGATCCTCCAGCACAGCCTACATGCAGCTCAGTAGCCTGACATCTGAGGATTCTGCCGTCTATTTCTGTGCAAGGGCCTACGGTAGTAGGGGCTATGCTATGGACTACTGGGGTCAAGGAACCTCAGTCACCGTCTCCTC"
"GABA(A)R, Beta1","N96/55","AGAATCGTGATGACCCAGTCTCCATCTTCCATGTATGCATCTCTAGGAGAGAGAGTCACCATCACTTGTAAGGCGAGTCAGGACATTGAAAGCTATTTAAGCTGGTTCCAGCAGAAACCAGGGAAATCTCCTAAGACCCTGATCTATCGTGCAAATAGATTGGCAGATGGGGGCCCATCAAGGTTCAGTGGCAGTGGATCTGGGCAAGATTTTTCTCTCACCATCAGCAGCCTGGACTATGAAGATATGGGAATTTATTATTGTCTACAGTACGATGAGTTTCCTCTCACGTTCGGTGCTGGGACCAAGCTGGAGCTGAAAC","GCCTCAAGCAGTGAGGTGAAGCTGAAGCAGTCTGGGTCTGAGCTGGTGAGGCCCAGAGCTTCAGTGAAGCTGTCCTGCAAGGCTTCTGACTACACATTCACCAACTACTGGATGCACTGGGTGAAGCAGAGGCCTGGACAAGGCCTTGAATGGATTGGAAATGTTTTTCCTTCTAGTGGTAGGACTAATTACGATGCGATTTTCAAGAGCAAGGCCACACTGACTGTAGACACATCCTCCAGAACAGTCTACTTGCAGCTCACTAGCCTTACATCTGAGGACTCTGCGGTCTATTTCTGTACTAGCGGCCTTGACTACTGGGGCCAAGGCACCACTCTCACAGTCTCCTC"
"Neuroligin-4*","N98/7","AGAAATTGTGATGTCCAGTCTCCAGCCCCCTGTCTGTGACTCCAGGAAATAGCGTCAGTCTTTCCTGCAGGGCCAGCCAAAATATTAGCAACAACCTACACTGGTATCAACAAAAATCACATGAGTCTCCAAGGCTTCTCATCAAGTTTGCTTCCCAGCCCATCTCTGGGATCCCCTCCAGGTTCAGGGGCAGGGGATCAGGGACAGATTTCACTCTCAGTATCAACAGTGTGGAGACTGAAGATTTTGGAATGTATTTCTGTCAACAGAGTAACAGCTGGCCTCTCACGTTCGGGGCTGGGACCAAGCTGGACCTGAGAC","GCCTCAAGCAGTCAGATCCAGTTGGTGCAGTCTGGGGCAGAGCTTGTGAAGCCAGGGGCCTCAGTCAAGTTGTCCTGCACAGCTTCTGGCTTCAAAATCAAAGACACCTACATGCACTGGGTGAAGCAGAGGCCTGACCAGGGCCTGGAGTGGATTGGAAGGATTGAGCCTGTGAATAGTGATACTAAATATGACCCGAAGTTCCAGGGCAAGGCCACTATAACAGCAGACACATCCTCCAACACTGCCTACCTGCAGCTCAGCAGCCTGACATCTGAGGACACTGCCGTCTATTACTGTGCTAGTAACTGGGACCCTTACTGGCACCACTCTCACAGTCTCCTC"
